entity.num,entity.name,entity.categoryId,entity.message,entity.thumbnailUrl,entity.value,entity.pageUrl,entity.inventory,entity.margin,entity.visitcount,entity.blogType,entity.custom3,entity.custom4,entity.custom5,entity.custom6,entity.custom7,entity.custom8,entity.custom9,entity.custom10,...
1,Leveraging Generative AI for Revolutionizing Travel & Expense Management: The SAP Concur Approach,blog,"Rahul Vig, Senior Director of Product Management at SAP Concur, demystifies the concept of AI and discusses its role within today's organizations.",https://www.concur.com/sites/g/files/sqenrx226/files/styles/square/public/2023-12/295595_GettyImages-1304509684_medium_jpg.jpg?h=f716aa8d&itok=irGlfpDB, ,https://www.concur.com/blog/article/leveraging-generative-ai-for-revolutionizing-travel-expense-management-sap-concur, , ,992,Travel and Expense, , , , , , , , ,
2,8 Corporate Travel Policy Best Practices,blog,Take a closer look at some of corporate travel policy best practices to consider. It can help your organization decide?what should be included in a travel policy?and your?business travel guidelines.,https://www.concur.com/sites/g/files/sqenrx226/files/styles/square/public/2023-10/287168_GettyImages-1215321263.jpg?h=8c9b3d2c&amp;itok=eAcXle1r, ,https://www.concur.com/blog/article/8-corporate-travel-policy-best-practices, , ,1069,Travel and Expense, , , , , , , , ,
3,What's the Impact of a Corporate Travel Manager on Business?,blog,Learn how corporate travel managers and tech can optimize T&E spending in times of rising travel costs for improved business efficiency.,https://www.concur.com/sites/g/files/sqenrx226/files/styles/square/public/2024-02/298066_GettyImages-1125703881_medium_jpg%20%281%29.jpg?h=4097b07f&amp;itok=OoTlb_c4, ,https://www.concur.com/blog/article/whats-impact-corporate-travel-manager-on-business, , ,25,Travel and Expense, , , , , , , , ,
4,What are State Tax Implications for Traveling Employees?,blog,There was a time when interstate business travel was much easier than it is now Today states have figured out that increasing and enforcing tax implications from tax revenues to...,https://www.concur.com/sites/g/files/sqenrx226/files/styles/square/public/blog/1574358716211-shutterstock-1511413637.jpg?h=0505ee3a&amp;itok=FgCt649I, ,https://www.concur.com/blog/article/what-are-state-tax-implications-traveling-employees, , ,13836,Travel and Expense, , , , , , , , ,
5,6 Ways Automation Can Help Fuel Your Companys Growth,blog,"End-to-end automation of travel, expense, and invoice processes can provide companies the insights, efficiencies, and flexibility they require to grow and weather challenges in the future.",https://www.concur.com/sites/g/files/sqenrx226/files/styles/square/public/2024-01/277279_277279_l_srgb_s_gl.jpg?h=dfaa3a43&amp;itok=ZwTd-4Lo, ,https://www.concur.com/blog/article/6-ways-automation-can-help-fuel-your-companys-growth, , ,50,Travel and Expense, , , , , , , , ,
6,What Is a Travel Management System?,blog,"This blog explores travel management systems, highlighting their role, key features, integration with financial systems, and tips on finding the best solution for companies.",https://www.concur.com/sites/g/files/sqenrx226/files/styles/square/public/2024-01/283110_offset_comp_397310_2600.jpg?h=f8f41afd&amp;itok=tiNIXc28, ,https://www.concur.com/blog/article/what-is-travel-management-system, , ,76,Travel and Expense, , , , , , , , ,
7,Travel Risk Management: How to Provide Safe Businesses Travel,blog,"Explore the essentials of travel risk management, and effective strategies for implementing a robust corporate travel risk management plan.",https://www.concur.com/sites/g/files/sqenrx226/files/styles/square/public/2024-01/277346_277346_l_srgb_s_gl.jpg?h=f90d025e&amp;itok=06uHowmT, ,https://www.concur.com/blog/article/travel-risk-management-how-to-provide-safe-businesses-travel, , ,63,Travel and Expense, , , , , , , , ,
8,Top Travel Destinations for 2023 Holiday Business Travel,blog,November and December are busy travel months. Travelers are gearing up to visit family or take advantage of time off for a bucket-list vacation. But some travelers will still be on the clock,https://www.concur.com/sites/g/files/sqenrx226/files/styles/square/public/2023-12/287591_GettyImages-1168418228_medium_jpg.jpg?h=4097b07f&amp;itok=4h8YO6uO, ,https://www.concur.com/blog/article/top-travel-destinations-for-2023-holiday-business-travel, , ,174,Travel and Expense, , , , , , , , ,
9,What Is a Travel Allowance? Definitions and Insights,blog,A travel allowance can be an effective way to manage employee travel expenses and manage costs for the employee. Learn more in this blog.,https://www.concur.com/sites/g/files/sqenrx226/files/styles/square/public/2023-11/273324_273324_l_srgb_s_gl.jpg?h=dfaa3a43&amp;itok=_mGHSBqw, ,https://www.concur.com/blog/article/what-is-travel-allowance-definitions-and-insights, , ,318,Travel and Expense, , , , , , , , ,
10,How a Travel Management Company (TMC) Can Help Simplify Business Travel,blog,"Using a travel management company can be an effective way to save resources, ensure policy compliance, and increase adherence to travel guidelines. Learn more.",https://www.concur.com/sites/g/files/sqenrx226/files/styles/square/public/2023-11/282416_GettyImages-528442104_2600.jpg?h=afa4eed2&amp;itok=fWjXK-I8, ,https://www.concur.com/blog/article/how-travel-management-company-tmc-can-help-simplify-business-travel, , ,86,Travel and Expense, , , , , , , , ,
12,Travel Management Solutions for Small Businesses,blog,Read this blog and learn how small businesses can effectively manage business travel expenses using innovative technology.,https://www.concur.com/sites/g/files/sqenrx226/files/styles/square/public/2023-11/283348_GettyImages-723502157_super_2600.jpg?h=50723507&itok=n9fEYZ4O, ,https://www.concur.com/blog/article/travel-management-solutions-for-small-businesses, , ,88,Travel and Expense, , , , , , , , ,
13,Simpler Sustainability: Building an Eco-Strategy into Your Travel Policy,blog,"From the C-Suite to the front lines, travel leaders are encouraged and pushed to build sustainability into their programs and the choices they offer. Itâs no small order to start measuring and reducin",https://www.concur.com/sites/g/files/sqenrx226/files/styles/square/public/2023-11/296673_GettyImages-1303772812_medium_jpg.jpg?h=4097b07f&itok=5ZHEePsC, ,https://www.concur.com/blog/article/simpler-sustainability-building-eco-strategy-into-your-travel-policy, , ,89,Travel and Expense, , , , , , , , ,
14,See How Your Business Stacks Up on Its T&E Performance,blog,"To address a business challenge often requires two things: Good data and perspective on how youâre doing. Our Travel and Expense Performance Benchmark Report delivers both, focusing on goals where top",https://www.concur.com/sites/g/files/sqenrx226/files/styles/square/public/2023-11/284410_SAP_GettyImages-500817177_Hi-Res_RGB_RET_2600.jpg?h=2f1b1146&itok=f3wcw7Ox, ,https://www.concur.com/blog/article/see-how-your-business-stacks-up-on-its-te-performance, , ,90,Travel and Expense, , , , , , , , ,
15,"On Business Travel, Parents and Non-Parents See Things Differently",blog,"""The past three years have been challenging for parents and caregivers, with the pandemic making it difficult to balance childcare and work responsibilities. According to a survey, nearly all parents",https://www.concur.com/sites/g/files/sqenrx226/files/styles/square/public/2023-11/284410_SAP_GettyImages-500817177_Hi-Res_RGB_RET_2600%20%281%29.jpg?h=1e6a0959&itok=g6-cvrHu, ,https://www.concur.com/blog/article/on-business-travel-parents-and-non-parents-see-things-differently, , ,91,Travel and Expense, , , , , , , , ,
16,Key Steps for Successful Business Travel Planning,blog,"Dive into the essential steps of business travel planning, from complying with company policies and budgeting, to ensuring employee safety and achieving business goals.",https://www.concur.com/sites/g/files/sqenrx226/files/styles/square/public/2023-10/298066_GettyImages-1125703881_medium_jpg.jpg?h=4097b07f&itok=GTOI0x1u, ,https://www.concur.com/blog/article/key-steps-for-successful-business-travel-planning, , ,92,Travel and Expense, , , , , , , , ,
17,Sources of Insight and Inspiration: Books and Podcasts We Love,blog,"Just as SAP Concur knows travel and expense solutions, members of our team and our customer community of professionals know good books and podcasts when they read and hear them.",https://www.concur.com/sites/g/files/sqenrx226/files/styles/square/public/2023-10/275909_275909_l_srgb_s_gl.jpg?h=4be0966b&itok=Tdq_5zD7, ,https://www.concur.com/blog/article/sources-insight-and-inspiration-books-and-podcasts-we-love, , ,93,Travel and Expense, , , , , , , , ,
18,Have a Problem? The SAP Concur App Center Likely Has a Solution,blog,Need your ERP to work better with your SAPÂ® ConcurÂ® solutions? Want to help employees make more cost-effective travel choices â and think rewards might help?,https://www.concur.com/sites/g/files/sqenrx226/files/styles/square/public/2023-10/274651_274651_l_srgb_s_gl.jpg?h=4be0966b&itok=-gY4C11Y, ,https://www.concur.com/blog/article/have-problem-sap-concur-app-center-likely-has-solution, , ,94,Travel and Expense, , , , , , , , ,
19,SAP Ranks No. 1 in 2022 Market Share for Travel and Expense Management Software,blog,"SAP has maintained its  #1 ranking in market share for Travel and Expense Management Software according to IDC Market Share: Worldwide Travel and Expense Management Software Market Shares, 2022: Evolv",https://www.concur.com/sites/g/files/sqenrx226/files/styles/square/public/2023-10/279201_GettyImages-590777295_low.jpg?h=01db310a&itok=Zx4cc-GA, ,https://www.concur.com/blog/article/sap-ranks-no-1-in-2022-market-share-for-travel-and-expense-management-software, , ,95,Travel and Expense, , , , , , , , ,
20,Travel Management Options No Matter How Big (or Small) Your Needs May Be,blog,"SAP Concur examines solutions that can meet customer needs â no matter how big or small they may be - and make businesses future ready. Topics include: Booking, Traveler Experience, Wellness & Safety",https://www.concur.com/sites/g/files/sqenrx226/files/styles/square/public/2023-10/280654_GettyImages-156938708_super_low.jpg?h=ea893e18&itok=DkM1E3Jy, ,https://www.concur.com/blog/article/travel-management-options-no-matter-how-big-or-small-your-needs-may-be, , ,96,Travel and Expense, , , , , , , , ,
21,5 Tips to Help Travel and HR Managers Deliver Duty of Care,blog,"""Blog addresses current risks for employees â whether in the office, working from home or traveling for business â and, offers guidance and tips to help to prevent them, or in worse case scenarios man",https://www.concur.com/sites/g/files/sqenrx226/files/styles/square/public/2023-10/272086_272086_l_srgb_s_gl.jpg?h=f53c11fc&itok=wEouboH3, ,https://www.concur.com/blog/article/5-tips-to-help-travel-and-hr-managers-deliver-duty-care, , ,97,Travel and Expense, , , , , , , , ,
22,Finding Security in Data Intelligence and the Cloud,blog,"Artificial intelligence (AI), cloud technologies, and advanced data analytics have the potential to revolutionize how organizations manage travel and expense (T&E) operations. However, concerns about",https://www.concur.com/sites/g/files/sqenrx226/files/styles/square/public/2023-10/283497_GettyImages-624002776_high_2600%20%281%29.jpg?h=dfaa3a43&itok=Og6MHTK1, ,https://www.concur.com/blog/article/finding-security-in-data-intelligence-and-cloud, , ,98,Control Company Costs, , , , , , , , ,
23,"How Automation, Artificial Intelligence, and Machine Learning Are Helping Organizations Reduce Non-Compliant Spend",blog,"Over the past few years, we've witnessed a fascinating transformation in the realm of travel and expense (T&E) compliance. This article offers valuable insights into the challenges organizations face",https://www.concur.com/sites/g/files/sqenrx226/files/styles/square/public/2023-09/277372_277372_l_srgb_s_gl.jpg?h=b07baa2a&itok=C7q81KAR, ,https://www.concur.com/blog/article/how-automation-artificial-intelligence-and-machine-learning-are-helping-organizations, , ,99,Control Company Costs, , , , , , , , ,
24,Small Business Employees Use Business Travel to Boost Career,blog,"1,650 employees at small and midsize companies, SMB travelers are hungry for business trips to build their careers.",https://www.concur.com/sites/g/files/sqenrx226/files/styles/square/public/2023-09/286073_GettyImages-683579688.jpg?h=3826edcc&itok=vyJCh3TM, ,https://www.concur.com/blog/article/small-business-employees-use-business-travel-to-boost-career, , ,100,Control Company Costs, , , , , , , , ,
25,Travel Safety Guidelines for Employees: Ensuring Safe and Secure Business Travel,blog,These travel safety guidelines for employees will help you strengthen the security of business travelers and establish a plan for corporate travel safety.,https://www.concur.com/sites/g/files/sqenrx226/files/styles/square/public/2023-09/281864_offset_comp_358870_low.jpg?h=3d163d6f&itok=NqHwyVFK, ,https://www.concur.com/blog/article/travel-safety-guidelines-for-employees-ensuring-safe-and-secure-business-travel, , ,101,Control Company Costs, , , , , , , , ,
26,"Buckle in, tray tables up: Concur Travelâs biggest update in years is about to take off",blog,"Concur Travel will deliver a new end-to-end booking experience for customers whose TMCs use the Sabre GDS from the US point of sale for air, hotel, and car rental bookings.",https://www.concur.com/sites/g/files/sqenrx226/files/styles/square/public/2023-09/275612_275612_l_srgb_s_gl.jpg?h=182bd2d9&itok=AFX-Jp8T, ,https://www.concur.com/blog/article/buckle-in-tray-tables-up-concur-travels-biggest-update-in-years-is-about-to-take-off, , ,102,Control Company Costs, , , , , , , , ,
27,How Travel Experiences and Expectations Differ by Generation,blog,"The findings of the SAP Concur Global Business Travel Survey, now in its fifth year, cover a lot of groundâfrom the impact of economic uncertainty, to discrimination and equal opportunity issues, to s",https://www.concur.com/sites/g/files/sqenrx226/files/styles/square/public/2023-08/272112_272112_l_srgb_s_gl.jpg?h=07068082&itok=HGvfGFGj, ,https://www.concur.com/blog/article/how-travel-experiences-and-expectations-differ-by-generation, , ,103,Control Company Costs, , , , , , , , ,
28,2023 Global Business Travel Outlook,blog,Exclusive business travel insights from the 2023 SAP Concur Global Business Travel Survey.,https://www.concur.com/sites/g/files/sqenrx226/files/styles/square/public/2023-08/281863_offset_comp_363888_low.jpg?h=d64b7bc7&itok=YenAOxPw, ,https://www.concur.com/blog/article/2023-global-business-travel-outlook, , ,104,Control Company Costs, , , , , , , , ,
29,SAP Concur Unveils New Experiences for Concur Travel,blog,Reinventing the worldâs leading online booking tool is no small feat. We are evolving Concur Travel to better address the current and future needs of our travelers with new technology.,https://www.concur.com/sites/g/files/sqenrx226/files/styles/square/public/2023-08/1MB_EoT%20blog%20medium.jpg?h=738dac82&itok=YaCbRacz, ,https://www.concur.com/blog/article/sap-concur-unveils-new-experiences-for-concur-travel, , ,105,Control Company Costs, , , , , , , , ,
30,Report: Travel Managers Face More Challenges Than Ever,blog,"Nearly half of global travel managers say their role is more stressful now than 12 months ago. Unsurprisingly, the top challenge is inflation driving up the cost of business travel.",https://www.concur.com/sites/g/files/sqenrx226/files/styles/square/public/2023-08/1mb%20TM%20blog.jpg?h=eecdc6e0&itok=uNumgPyl, ,https://www.concur.com/blog/article/report-travel-managers-face-more-challenges-than-ever, , ,106,Control Company Costs, , , , , , , , ,
31,JTB-CWT Concur TripLink Integration: Enhancing Business Travel in Japan,blog,"We are delighted to announce the JTB-CWT integration with Concur TripLink, offering companies with domestic business travel in Japan a seamless and comprehensive Travel and Expense (T&E) experience.",https://www.concur.com/sites/g/files/sqenrx226/files/styles/square/public/2023-08/285616_GettyImages-619298606.jpg?h=8c9b3d2c&itok=GUHJ7x8-, ,https://www.concur.com/blog/article/jtb-cwt-concur-triplink-integration-enhancing-business-travel-in-japan, , ,107,Control Company Costs, , , , , , , , ,
32,Managed Travel Programs Are Changing - What to Do in a Multi-Channel World,blog,"The stakes of change are high, in terms of control and visibility, as 46% of global business travelers make supplier-direct bookings and 60% of spending data lacks visibility.",https://www.concur.com/sites/g/files/sqenrx226/files/styles/square/public/2023-07/280899_GettyImages-626533457_medium_jpg.jpg?h=bb4137e1&itok=LUu1_DzM, ,https://www.concur.com/blog/article/managed-travel-programs-are-changing-what-to-do-in-multi-channel-world, , ,108,Control Company Costs, , , , , , , , ,
33,Make More Time for Yourself on Your Next Business Trip,blog,Four ways to optimize your domestic and international business travel for work and leisure.,https://www.concur.com/sites/g/files/sqenrx226/files/styles/square/public/2023-07/efficient_business_travel_1mb.jpg?h=38bda50b&itok=GYov8C7Q, ,https://www.concur.com/blog/article/make-more-time-for-yourself-on-your-next-business-trip, , ,109,Control Company Costs, , , , , , , , ,
34,Building Effective Travel Programs for Business Travelers: An SAP Concur Conversations Podcast,blog,"In this episode of the SAP Concur Conversations podcast, Hansini Sharma, who leads the Travel Practice at Acquis Consulting Group, spoke with Jeanne Dion, Vice President, Value Experience Team at SAP",https://www.concur.com/sites/g/files/sqenrx226/files/styles/square/public/2023-07/283094_shutterstock_399937996_2600.jpg?h=4b4f8d47&itok=gDs1aLyr, ,https://www.concur.com/blog/article/building-effective-travel-programs-for-business-travelers-sap-concur-conversations, , ,110,Control Company Costs, , , , , , , , ,
35,What Your Organization Can Do Today to Support Sustainability,blog,"More and more organizations are incorporating sustainability into their broader business strategy, including their travel practices. And by doing so, theyâre reaping real benefits.",https://www.concur.com/sites/g/files/sqenrx226/files/styles/square/public/2023-07/277306_277306_l_srgb_s_gl.jpg?h=50723507&itok=ARCrykF-, ,https://www.concur.com/blog/article/what-your-organization-can-do-today-to-support-sustainability, , ,111,Control Company Costs, , , , , , , , ,
36,Survey Considers LGBTQ+ Business Travel Experiences,blog,Nearly all (94%) of LGBTQ+ business travelers experienced discrimination while traveling for work.,https://www.concur.com/sites/g/files/sqenrx226/files/styles/square/public/2023-06/297259_GettyImages-1339889736_large_jpg.jpg?h=0198689b&itok=e3OtQozo, ,https://www.concur.com/blog/article/survey-considers-lgbtq-business-travel-experiences, , ,112,Control Company Costs, , , , , , , , ,
37,Hear Why Companies Chose SAP Concur to Run and Grow Their Businesses,blog,"Worldwide, more than 48,000 customers are using our solutions to automate and simplify travel and expense processes and obtain insights that drive better decision-making. Their specific needs vary.",https://www.concur.com/sites/g/files/sqenrx226/files/styles/square/public/2023-06/286230_shutterstock_666011701_2600.jpg?h=d731f8b1&itok=TdqcVqoM, ,https://www.concur.com/blog/article/hear-why-companies-chose-sap-concur-to-run-and-grow-their-businesses, , ,113,Control Company Costs, , , , , , , , ,
38,Traveler Personas and the Traveler Experience: The Next Big Thing in Business Travel with Acquis,blog,"""The traveler journey, traveler personas, and providing an optimized traveler experienceâ¦these havenât historically been areas of focus for many businesses â especially during times of economic hardsh",https://www.concur.com/sites/g/files/sqenrx226/files/styles/square/public/2023-06/284132_GettyImages-624374948_2600.jpg?h=ce01f175&itok=ShEOKGAg, ,https://www.concur.com/blog/article/traveler-personas-and-traveler-experience-next-big-thing-in-business-travel-with, , ,114,Control Company Costs, , , , , , , , ,
39,Capturing Multi-Channel Bookings Made Simple with Concur TripLink,blog,Concur TripLink users and experts share how TripLink makes it easy to capture outside bookings and allows their travelers access to the best content at the best rate.,https://www.concur.com/sites/g/files/sqenrx226/files/styles/square/public/2023-06/296587_GettyImages-1223868148_medium_jpg.jpg?h=20c151b7&itok=rR-1lG8U, ,https://www.concur.com/blog/article/capturing-multi-channel-bookings-made-simple-with-concur-triplink, , ,115,Control Company Costs, , , , , , , , ,
40,"Majority Feel Business Travel Isnât Offered Equally to All, Survey Finds",blog,"Nearly all (94%) business travelers are willing to travel for business, but two-thirds feel they havenât had equal opportunity.",https://www.concur.com/sites/g/files/sqenrx226/files/styles/square/public/2023-06/For%20blog%20Picture1.jpg?h=c54ea5fe&itok=j0oqPECy, ,https://www.concur.com/blog/article/majority-feel-business-travel-isnt-offered-equally-to-all-survey-finds, , ,116,Control Company Costs, , , , , , , , ,
41,The Tough Get Going,blog,7 travel challenges and the strategies peers are using to address them,https://www.concur.com/sites/g/files/sqenrx226/files/styles/square/public/2023-05/273667_273667_l_srgb_s_gl.jpg?h=9b989a84&itok=MLBNeqQh, ,https://www.concur.com/blog/article/tough-get-going, , ,117,Control Company Costs, , , , , , , , ,
42,How Intelligent Travel and Expense Management Drives the Future of Work,blog,"Talk about a balancing act. Businesses hunt for cost savings and efficiency amid inflation, global instability, and other challenges. At the same time, travel is recovering as companies recognize that",https://www.concur.com/sites/g/files/sqenrx226/files/styles/square/public/2023-05/blog%20imaage.png?h=ffcaec84&itok=5dxJmQ-c, ,https://www.concur.com/blog/article/how-intelligent-travel-and-expense-management-drives-future-work, , ,118,Control Company Costs, , , , , , , , ,
43,Outdated Travel Policy? 5 Tips to Update It Today,blog,"""An outdated travel policy can cost your organization in many ways, including financially, strategically, and culturally. Todayâs best-in-class travel policies are based on regularly assessed, achieva",https://www.concur.com/sites/g/files/sqenrx226/files/styles/square/public/2023-04/outdated.png?h=ba653278&itok=DFEut-TR, ,https://www.concur.com/blog/article/outdated-travel-policy-5-tips-to-update-it-today, , ,119,Control Company Costs, , , , , , , , ,
44,Take the Pain Out of Travel with Clear Policies,blog,Travel policy template guidelines.,https://www.concur.com/sites/g/files/sqenrx226/files/styles/square/public/2023-04/CHOOSING%20THE%20RIGHT.png?h=6e2826c9&itok=Nl8Fvo67, ,https://www.concur.com/blog/article/take-pain-out-travel-with-clear-policies, , ,120,Control Company Costs, , , , , , , , ,
45,Meeting the Business Travel & Spend Management Challenges of 2023,blog,What does the world of T&E and accounts payable (AP) look like right now? Travel and spending are rebounding and quickly approaching pre-pandemic levels.,https://www.concur.com/sites/g/files/sqenrx226/files/styles/square/public/2023-04/100_1mg_282348_concur.airport_0545.jpg?h=8660595e&itok=0EvbgBX9, ,https://www.concur.com/blog/article/meeting-business-travel-spend-management-challenges-2023, , ,121,Control Company Costs, , , , , , , , ,
46,Learn How CFOs Can Navigate Inflation and Other Disruptions,blog,"Modernizing business applications and augmenting data are approaches IDC recommends1. With cloud-based solutions for travel and spend management, you can gain the flexibility and timely insights your",https://www.concur.com/sites/g/files/sqenrx226/files/styles/square/public/2023-04/272149_272149_l_srgb_s_gl.jpg?h=6d5228a9&itok=u1y1Qc5q, ,https://www.concur.com/blog/article/learn-how-cfos-can-navigate-inflation-and-other-disruptions, , ,122,Business Continuity, , , , , , , , ,
47,From the Experts: Evolving Landscape of Travel & Expense,blog,"Our latest webinar, The Changing Travel & Expense Landscape, is designed to help business decision-makers across the globe better understand the topics and challenges they face now and in the future.",https://www.concur.com/sites/g/files/sqenrx226/files/styles/square/public/2023-04/98%20two%20girls.jpg?h=2a233208&itok=1ZETw8D8, ,https://www.concur.com/blog/article/from-experts-evolving-landscape-travel-expense, , ,123,Business Continuity, , , , , , , , ,
48,Why Should I Move from SAP Travel Management to Concur Travel & Expense?,blog,"Moving to the cloud-based Concur Travel & Expense solution requires minimal implementation costs so ROI can be realised sooner, while mobile- and web-based tools mean thereâs little to no additional i",https://www.concur.com/sites/g/files/sqenrx226/files/styles/square/public/2023-04/Why%20Should%20I%20Move%20from%20SAP%20Travel%20Management%20to%20Concur%20Travel%20%26%20Expense2.png?h=dae50e12&itok=JWbhYTMH, ,https://www.concur.com/blog/article/why-should-i-move-from-sap-travel-management-to-concur-travel-expense, , ,124,Business Continuity, , , , , , , , ,
49,"These 5 TripIt Features Can Save You Money on Your Next Trip, According to TripIt Customers",blog,"The feelingâs mutual: We love saving you money on travel, and our customers love when the app helps them save money, too.",https://www.concur.com/sites/g/files/sqenrx226/files/styles/square/public/2023-04/size.png?h=dae50e12&itok=rONmU9Zm, ,https://www.concur.com/blog/article/these-5-tripit-features-can-save-you-money-on-your-next-trip, , ,125,Business Continuity, , , , , , , , ,
50,Financial Times Series: Adapting to Change That Never Stops,blog,"For travel, sustainability is increasingly important. Productivity and efficiency are paramount for small and medium-sized businesses squeezed by costs and labor",https://www.concur.com/sites/g/files/sqenrx226/files/styles/square/public/2023-03/Picture1%20%281%29.jpg?h=62d69628&itok=Y-5TnQLu, ,https://www.concur.com/blog/article/financial-times-series-adapting-to-change-that-never-stops, , ,126,Business Continuity, , , , , , , , ,
51,2023 Trends to Watch in Travel and Expense Management,blog,"Companies will continue to invest in digital solutions to accomplish a number of goals, from savings to program flexibility to sustainability.",https://www.concur.com/sites/g/files/sqenrx226/files/styles/square/public/2023-03/295890_GettyImages-1310533180_medium_jpg.jpg?h=8508600e&itok=x6jfe80U, ,https://www.concur.com/blog/article/2023-trends-to-watch-in-travel-and-expense-management, , ,127,Business Continuity, , , , , , , , ,
52,New Whitepaper: How Will Gen Z and Gen Alpha Change Travel and Expense?,blog,Further transformation will be required as younger generations enter the workplace and bring with them a host of new expectations.,https://www.concur.com/sites/g/files/sqenrx226/files/styles/square/public/2023-02/282354_concur.airport_0896.jpg?h=be2f81eb&itok=hMXTFUSH, ,https://www.concur.com/blog/article/new-whitepaper-how-will-gen-z-and-gen-alpha-change-travel-and-expense, , ,128,Business Continuity, , , , , , , , ,
53,SAP Concur Fusion: Updates Coming to Concur Travel and Concur Invoice,blog,"During this yearâs SAP Concur Fusion, weâre revealing several developments to Concur Travel and Concur Invoice solutions with benefits to companies, travelers, and partners.",https://www.concur.com/sites/g/files/sqenrx226/files/styles/square/public/2023-02/CONCUR.CONDO_1219.jpg?h=df66548f&itok=-FwHbXqA, ,https://www.concur.com/blog/article/sap-concur-fusion-updates-coming-to-concur-travel-and-concur-invoice, , ,129,Business Continuity, , , , , , , , ,
54,How Concur Travel Works,blog,With so many travel options to choose from empower your employees to make the right choices with Concur Travel By integrating travel expense and vendor invoice managementÂ into a...,https://www.concur.com/sites/g/files/sqenrx226/files/styles/square/public/2023-02/282365_concur.airport_1732.jpg?h=aa325e6a&itok=KccsqH8i, ,https://www.concur.com/blog/article/how-concur-travel-works, , ,130,Business Continuity, , , , , , , , ,
55,How to Access All American Airlines Fares with SAP Concur Solutions,blog,"With a lot of questions swirling about readiness of the industry, we want to be clear about what this means for Concur Travel customers.",https://www.concur.com/sites/g/files/sqenrx226/files/styles/square/public/2023-02/283372_shutterstock_129132983.jpg?h=e0e3bb0a&itok=wc6CsJG-, ,https://www.concur.com/blog/article/how-to-access-american-airlines-fares-in-concur-travel-if-american-removes-them-from, , ,131,Business Continuity, , , , , , , , ,
56,Why SAP Continues to be a T&E Solutions Leader,blog,Being recognized year after year as a market leader in cloud-based travel & expense solutions is something we are proud of at SAP.,https://www.concur.com/sites/g/files/sqenrx226/files/styles/square/public/2023-02/277219_277219_l_srgb_s_gl%20%281%29.jpg?h=d7755c5f&itok=nZtTy0T5, ,https://www.concur.com/blog/article/why-sap-continues-to-be-te-solutions-leader, , ,132,Business Continuity, , , , , , , , ,
57,Policy with Purpose: How to Create a Travel Program that Meets Both Employer and Employee Needs with Fox World Travel,blog,"In this episode of the SAP Concur Conversations podcast, experts share the âsecret sauceâ for building a world-class travel program (spoiler: your travel program is NOT a rotisserie chicken).",https://www.concur.com/sites/g/files/sqenrx226/files/styles/square/public/2023-02/policyblogimage.png?h=58062f3b&itok=RDXvGBWQ, ,https://www.concur.com/blog/article/policy-with-purpose-how-to-create-travel-program-that-meets-both-employer-and-employee, , ,133,Business Continuity, , , , , , , , ,
58,Future-Proof Your Organization for the Next Era of Business Travel,blog,"With Gen Z on track to make up roughly 30% of the U.S. workforce by 2030, meeting the expectations of these tech-savvy employees makes good business sense.",https://www.concur.com/sites/g/files/sqenrx226/files/styles/square/public/2023-01/284383_SAP_AI_PHONE_2836_Hi-Res_RGB_RET_2600.jpg?h=5377e872&itok=7Hn69fK3, ,https://www.concur.com/blog/article/future-proof-your-organization-for-next-era-business-travel, , ,134,Business Continuity, , , , , , , , ,
59,6 Questions to Ask When Incorporating Duty of Care into Your Travel Program,blog,"Over the past few years, employee wellness has taken center stage. Leaders are increasingly expected to weave wellness into the fabric of their companies, which means creating a culture of care is no",https://www.concur.com/sites/g/files/sqenrx226/files/styles/square/public/2023-01/272302_272302_l_srgb_s_gl.jpg?h=5258ae62&itok=y9GYSXve, ,https://www.concur.com/blog/article/6-questions-to-ask-when-incorporating-duty-care-into-your-travel-program, , ,135,Business Continuity, , , , , , , , ,
60,Save Costs on Ground Transportation Spend with Rideshare,blog,"If you could save your organization money and help your team travel more safely, would you? Rhetorical question â of course you would! Our quick fix: increase rideshare over other ground transportatio",https://www.concur.com/sites/g/files/sqenrx226/files/styles/square/public/2023-01/283504_GettyImages-726791257_super_2600.jpg?h=01ad7a6c&itok=BS0ig6hm, ,https://www.concur.com/blog/article/save-costs-on-ground-transportation-spend-with-rideshare, , ,136,Business Continuity, , , , , , , , ,
61,Taking the Wheel with Travel,blog,"Itâs no surprise that travel programs have been all over the road in the last few years. And as youâve tried to straighten things out again, leadership has been asking with more and more regularity th",https://www.concur.com/sites/g/files/sqenrx226/files/styles/square/public/2023-01/286073_GettyImages-683579688_2600.jpg?h=9a758656&itok=F3a1TYY7, ,https://www.concur.com/blog/article/taking-wheel-with-travel, , ,137,Business Continuity, , , , , , , , ,
62,The C-Suite is Wondering What Travel is Up To,blog,"Naturally, what matters to leadership matters to everyone. But the stress their scrutiny is causing is often only felt by the folks at the helm of your travel program. Like you, for example. And when",https://www.concur.com/sites/g/files/sqenrx226/files/styles/square/public/2023-01/280724_GettyImages-489632702_super_low.jpg?h=f20fc41e&itok=n8ho1LNx, ,https://www.concur.com/blog/article/c-suite-is-wondering-what-travel-is-up-to, , ,138,Business Continuity, , , , , , , , ,
63,How to Save Money on Travel With TripIt,blog,"In todayâs economy, travel-related costs can add up quickly. Planning a trip often means budgeting for high gas prices, fluctuating hotel and flight rates, inflation, and extra security measures, like",https://www.concur.com/sites/g/files/sqenrx226/files/styles/square/public/2023-01/279220_GettyImages-629646297_low.jpg?h=ebe54709&itok=JXIOYagj, ,https://www.concur.com/blog/article/how-to-save-money-on-travel-with-tripit, , ,139,Business Continuity, , , , , , , , ,
64,Duty of Care: Protecting Your Travelers Protects Your Bottom Line with Deloitte,blog,"Businesses balance many competing priorities. But no matter what else is stacked up against it, employee well-being tips the scale of importance every time. Over the past few years, employee wellness",https://www.concur.com/sites/g/files/sqenrx226/files/styles/square/public/2023-01/275691_275691_l_srgb_s_gl.jpg?h=dfaa3a43&itok=sEI6-SfX, ,https://www.concur.com/blog/article/duty-care-protecting-your-travelers-protects-your-bottom-line-with-deloitte, , ,140,Business Continuity, , , , , , , , ,
65,Where Are Your Travel & Expense Savings Hiding?,blog,"Much of the savings come by reducing the inefficiencies of doing business on paper, with spreadsheets or with semi-automated solutions. Things like the time spent filling out and submitting expense re",https://www.concur.com/sites/g/files/sqenrx226/files/styles/square/public/2022-12/pictry2.png?h=d75a05c1&itok=UdLN43iO, ,https://www.concur.com/blog/article/where-are-your-travel-expense-savings-hiding, , ,141,Business Continuity, , , , , , , , ,
66,24 Tips to Optimize Airfare Spend and Lower Travel Costs,blog,"To understand the trueÂ cost of travel, you must first crunch the numbers to learn how they affect your planning and bottom line. Fortunately, weâve done some of the analysis for you.",https://www.concur.com/sites/g/files/sqenrx226/files/styles/square/public/2023-02/280724_GettyImages-489632702_medium_jpg%20%281%29.jpg?h=f9d8433b&itok=O-n-0bxh, ,https://www.concur.com/blog/article/24-tips-to-optimize-airfare-spend-and-lower-travel-costs, , ,142,Business Continuity, , , , , , , , ,
67,Travel Priorities for Business Leaders in 2023,blog,"With lingering uncertainty as 2022 ends, 2023 will bring new challenges as a test of leadersâ abilities to do more with less. Here are Charlie Sultan's top predictions for the new year.",https://www.concur.com/sites/g/files/sqenrx226/files/styles/square/public/2022-12/290870_CONCUR.HOUSE_6426.jpg?h=cdcc5386&itok=IfZ4Gpwz, ,https://www.concur.com/blog/article/travel-priorities-for-business-leaders-in-2023, , ,143,Business Continuity, , , , , , , , ,
68,Rewriting the Rules: How the Next Generation Is Shaping the Future of Business Travel,blog,"Business travel has, without question, changed drastically over the past few years, leaving many wondering if it will ever be the same again. While itâs hard to know what exactly the future holds, the",https://www.concur.com/sites/g/files/sqenrx226/files/styles/square/public/2022-12/280781_GettyImages-531932944_medium_jpg.jpg?h=11012455&itok=kCOICOx1, ,https://www.concur.com/blog/article/rewriting-rules-how-next-generation-is-shaping-future-business-travel, , ,144,Business Continuity, , , , , , , , ,
69,New SAP Concur Partnership Integrates BlueSky with Concur TripLink to Bring End-to-End T&E Experience to China Market,blog,"To expand SAP Concur's travel options in China, in collaboration with select TMC partners, a new BlueSky integration with Concur TripLink provides an end-to-end travel and expense management solution.",https://www.concur.com/sites/g/files/sqenrx226/files/styles/square/public/2022-11/287567_GettyImages-1194852020%5B2362%5D.jpg?h=89556dd5&itok=Zl7oedHK, ,https://www.concur.com/blog/article/new-partnership-bluesky-concur-triplink-end-to-end-te-experience-china, , ,145,Business Continuity, , , , , , , , ,
70,Here's the Travel Expense Policy Template You Need,blog,"Setting clear guidelines is important in every aspect of business, particularly with your most valued audience â your employees.",https://www.concur.com/sites/g/files/sqenrx226/files/styles/square/public/blog/1509549722784-expense-template-2.jpg?h=25e02509&itok=CnYkg6zW, ,https://www.concur.com/blog/article/heres-travel-expense-policy-template-you-need, , ,146,Business Continuity, , , , , , , , ,
71,"Hear Why SAP Concur Solutions Are G2 Leaders for Travel, Expense, and Invoice Management",blog,"Our users have spoken (more thanÂ 5,000 of them!) and they have ranked us #1 across three categories.",https://www.concur.com/sites/g/files/sqenrx226/files/styles/square/public/blog/1621527267194-g2%20grid%20leader.png?h=f9bc105c&itok=IOBIvDng, ,https://www.concur.com/blog/article/hear-why-sap-concur-solutions-are-g2-leaders-travel-expense-and-invoice-management, , ,147,Business Continuity, , , , , , , , ,
72,Business Travel Technology Trends and Apps - Looking to the Future,blog,"The right travel apps and tools can eliminate many of the most stressful aspects of business travel, which helps business travelers do their jobs more efficiently and effectively.",https://www.concur.com/sites/g/files/sqenrx226/files/styles/square/public/2023-03/AdobeStock_246060487.jpeg?h=eef3f46b&itok=89GxjH7C, ,https://www.concur.com/blog/article/business-travel-technology-trends-and-apps-looking-future, , ,148,Business Continuity, , , , , , , , ,
73,What Is Top of Mind for SMB Travelers in 2022?,blog,The majority of the worldâs businessesâincluding more than 30 million in the U.S. aloneâfall within the small to medium-sized business (SMB) category. Defined for the purposes of the SAP Concur Global,https://www.concur.com/sites/g/files/sqenrx226/files/styles/square/public/2022-09/280789_GettyImages-535468759_medium_jpg.jpg?h=fa91dcbf&itok=gJlGuTNy, ,https://www.concur.com/blog/article/what-top-mind-smb-travelers-2022, , ,149,Business Continuity, , , , , , , , ,
74,"The Magic of Keeping It Simple: Implementing Travel, Expense, and Invoice Automation",blog,"Join us for this episode of SAP Concur Conversations as we dive into the importance of system integration and how project management experts, like those at Flexso, put the customer in the driverâs sea",https://www.concur.com/sites/g/files/sqenrx226/files/styles/square/public/2022-09/283071_GettyImages-83267401_2600.jpg?h=11ba1226&itok=RYsuda4s, ,https://www.concur.com/blog/article/magic-keeping-it-simple-implementing-travel-expense-and-invoice-automation, , ,150,Business Continuity, , , , , , , , ,
75,"If This Was a Game, Youâd be Winning",blog,"travel management isnât a game, but if you have the right tools, you can definitely win. If you want to keep looking and discover even more, check out this Fusion webinar for all the facts.",https://www.concur.com/sites/g/files/sqenrx226/files/styles/square/public/2022-09/287524_GettyImages-961027034_medium_jpg.jpg?h=175a8d2d&itok=bM7RTV_Z, ,https://www.concur.com/blog/article/if-was-game-youd-be-winning, , ,151,Business Continuity, , , , , , , , ,
76,Generational Perspectives on Business Travel and What They Mean for Businesses,blog,"See what our Global Business Travel Survey found, and how we recommend business leaders and travel managers use this information to guide their next steps.",https://www.concur.com/sites/g/files/sqenrx226/files/styles/square/public/2022-08/276185_276185_l_srgb_s_gl.jpg?h=edddb56b&itok=kOCx4isD, ,https://www.concur.com/blog/article/generational-perspectives-business-travel-what-they-mean-for-business, , ,152,Business Continuity, , , , , , , , ,
77,Is That an Unabridged Dictionary or Your Travel Policy?,blog,"A recent SAP Concur travel policies webinar helps put it all into perspective. In less than 30 minutes, it shifts prevailing corporate policy from status-quo, rules-heavy travel manuscripts to simple",https://www.concur.com/sites/g/files/sqenrx226/files/styles/square/public/2022-08/277219_277219_l_srgb_s_gl.jpg?h=e7ca5985&itok=YRW-Cld4, ,https://www.concur.com/blog/article/unabridged-dictionary-or-your-travel-policy, , ,153,Employee Experience, , , , , , , , ,
78,ItâsTime to Take the Wheel.,blog,"Reshaping travel in your company isnât like landing an aircraft, but to be honest, it might feel that way. Either way, itâs time to take the wheel of your program and start steering it in the right di",https://www.concur.com/sites/g/files/sqenrx226/files/styles/square/public/2022-08/282900_offset_580883_2600.jpg?h=80f227de&itok=VRWiPvKP, ,https://www.concur.com/blog/article/itstime-take-wheel, , ,154,Employee Experience, , , , , , , , ,
79,AMA Recap: Travel Policies and New Travel Trends,blog,Read the recap of our first SAP Concur Community AMA all about travel policies and new travel trends.,https://www.concur.com/sites/g/files/sqenrx226/files/styles/square/public/2022-08/273798_273798_l_srgb_s_gl.jpg?h=437756d9&itok=xxKhs-he, ,https://www.concur.com/blog/article/ama-recap-travel-policies-and-new-travel-trends, , ,155,Employee Experience, , , , , , , , ,
80,Our Travel Evolution: Building the Travel Platform of the Future,blog,"With the evolution of Concur Travel, weâre not just redesigning our corporate booking tool. We are building the travel platform of the future, across all travel products and partners.",https://www.concur.com/sites/g/files/sqenrx226/files/styles/square/public/2022-08/290808_CONCUR.HOUSE_7849.jpg?h=d8bcdf52&itok=Kv7dO_e9, ,https://www.concur.com/blog/article/our-travel-evolution-building-travel-platform-future, , ,156,Employee Experience, , , , , , , , ,
81,Business Travelers are Going Green,blog,Ninety-four percent of global business travelers plan to take steps over the next 12 months to reduce the environmental impact of their business travel.,https://www.concur.com/sites/g/files/sqenrx226/files/styles/square/public/2022-08/292502_GettyImages-1354075252_medium_jpg.jpg?h=bb5372ce&itok=ouq6VtRK, ,https://www.concur.com/blog/article/business-travelers-are-going-green, , ,157,Employee Experience, , , , , , , , ,
82,Make the Most of Every AP Moment with Automated Invoice Management,blog,"Concur Invoice fully integrates with the Concur Expense and Concur Travel solutions as well as with most major ERP and finance systems and an array of third-party apps and services, you can fit your",https://www.concur.com/sites/g/files/sqenrx226/files/styles/square/public/2022-08/288242_GettyImages-1279395370_medium_jpg.jpg?h=9a540c7e&itok=YzgBsNnB, ,https://www.concur.com/blog/article/make-most-every-ap-moment-automated-invoice-management, , ,158,Employee Experience, , , , , , , , ,
83,Does it Feel Like Smaller Companies Have Bigger Problems?,blog,"Just because you donât have thousands of employees, doesnât mean your problems are small. Our survey shows how that affects business travel.",https://www.concur.com/sites/g/files/sqenrx226/files/styles/square/public/2022-08/283069_GettyImages-525441211_2600.jpg?h=f9b48b10&itok=v7lQi3gq, ,https://www.concur.com/blog/article/does-it-feel-smaller-companies-have-bigger-problems, , ,159,Employee Experience, , , , , , , , ,
84,One Way to Reduce the Stress of Travel Management,blog,"According to our new Global Business Travel Survey, the challenge of being a travel manager in todayâs constantly evolving travel environment is more of a struggle than ever.",https://www.concur.com/sites/g/files/sqenrx226/files/styles/square/public/2022-08/285503_concur.hotel_.2018_00680_retouched.jpg?h=1a443ef7&itok=ZpB7QXt5, ,https://www.concur.com/blog/article/one-way-reduce-stress-travel-management, , ,160,Employee Experience, , , , , , , , ,
85,"Business Travelers are Ready to Go, but First a Few Requests",blog,"Business travel continues to change, and business travelers are speaking up about the changes theyâd like to see.",https://www.concur.com/sites/g/files/sqenrx226/files/styles/square/public/2022-08/282364_concur.airport_1649.jpg?h=974c5d4f&itok=dwlzX5-S, ,https://www.concur.com/blog/article/business-travelers-are-ready-go-first-few-requests, , ,161,Employee Experience, , , , , , , , ,
86,Seize Every Moment with a Strong and Agile Spend Management Strategy,blog,"Ultimately, the right spend management strategy is one that moves your business forward by helping your finance team, buyers, travelers, partners, and vendors work more efficiently and effectively to",https://www.concur.com/sites/g/files/sqenrx226/files/styles/square/public/2022-08/294051_GettyImages-1291801379_medium_jpg.jpg?h=e63061b6&itok=-esRka9J, ,https://www.concur.com/blog/article/seize-every-moment-strong-and-agile-spend-management-strategy, , ,162,Employee Experience, , , , , , , , ,
87,New Research Considers 2022 Impact on Business Travel,blog,"Overall willingness to travel for business in 2022 is high. Yet, 38% of global business travelers say that the trip itself is the most stressful stage of travelâa seven-point increase since 2021.",https://www.concur.com/sites/g/files/sqenrx226/files/styles/square/public/2022-08/290845_CONCUR.HOUSE_6502.jpg?h=e2ca9eb5&itok=t5kRVYKk, ,https://www.concur.com/blog/article/new-research-considers-2022-impact-business-travel, , ,163,Employee Experience, , , , , , , , ,
88,Viable for VAT? Verifying the Ins and Outs of Domestic and Foreign Tax Compliance with Blue dot,blog,"Employees are back to traveling for business, and with it, the requirement to track both domestic and foreign expenses for tax compliance initiatives abroad.",https://www.concur.com/sites/g/files/sqenrx226/files/styles/square/public/2022-07/iStock-1272198408.jpg?h=322e7988&itok=J97Ka1No, ,https://www.concur.com/blog/article/viable-vat-verifying-ins-and-outs-domestic-and-foreign-tax-compliance-blue-dot, , ,164,Employee Experience, , , , , , , , ,
89,Concur Travel & Expense Recognized as a 2022 Top-Rated Software by TrustRadius,blog,We're excited to share that Concur Travel & Expense has again been named a Top-Rated Expense Management Software in twoÂ categories by TrustRadius,https://www.concur.com/sites/g/files/sqenrx226/files/styles/square/public/2022-07/LinkedIn%20Post.png?h=3d5aa8ec&itok=x3gvP-ko, ,https://www.concur.com/blog/article/concur-travel-expense-recognized-top-rated-software-trustradius, , ,165,Employee Experience, , , , , , , , ,
90,Time to Measure Up: An SAP Concur Podcast Conversation About Sustainability with Thrust Carbon,blog,"Your organization doesnât need to commit to net zero today or completely change your travel policy. But if you start measuring and understanding, Brenna assures that âeverything will be exponentially",https://www.concur.com/sites/g/files/sqenrx226/files/styles/square/public/2022-07/multiethnic-office-conference-room-meeting-multicultural-team-of-four-picture-id1363105086.jpg?h=8bebd392&itok=tmKkHkhl, ,https://www.concur.com/blog/article/time-measure-sap-concur-podcast-conversation-about-sustainability-thrust-carbon, , ,166,Employee Experience, , , , , , , , ,
91,Concur Invoice ROI Review:  Why Walk When You Can Run?,blog,"When you look at what our customers have gained with automated invoice management, youâll better understand why they have a new-found love of all things AP. No leap of faith required.",https://www.concur.com/sites/g/files/sqenrx226/files/styles/square/public/2023-02/Why%20Walk%20Campaignsizing.png?h=d9fa0dbb&itok=sq3nTSv_, ,https://www.concur.com/blog/article/concur-invoice-roi-review-why-walk-when-you-can-run, , ,167,Travel and Expense, , , , , , , , ,
94,Making the Case for AP Automation at Your Company,blog,âLess paper and manual entry. Fewer lost invoices and late payment fees. More early pay discounts. Increased efficiency and productivity overall. Let us count the ways...,https://www.concur.com/sites/g/files/sqenrx226/files/styles/square/public/2023-01/272510_272510_l_srgb_s_gl.jpg?h=9d8e996a&itok=9CPmTH41, ,https://www.concur.com/blog/article/making-case-for-ap-automation-at-your-company, , ,170,Travel and Expense, , , , , , , , ,
95,Automating Invoice Process to Get Answers Your Company Needs,blog,"When the accounts payable team manages invoices and payments by hand, on paper, and with spreadsheets instead of taking advantage of automation, the costs go deeper than time spent processing forms an",https://www.concur.com/sites/g/files/sqenrx226/files/styles/square/public/2022-12/pic1220.png?h=ef965434&itok=mHB7HgFN, ,https://www.concur.com/blog/article/automating-invoice-process-to-get-answers-your-company-needs, , ,171,Travel and Expense, , , , , , , , ,
99,What Am I Supposed to Do With This?,blog,"Itâs something you probably ask yourself when opening an invoice you didnât expect or canât believe (or perhaps you use a different, more colorful phrase we canât repeat here). The fact is, no matter",https://www.concur.com/sites/g/files/sqenrx226/files/styles/square/public/2022-07/iStock-1358132468.jpg?h=01782104&itok=s9I5hClM, ,https://www.concur.com/blog/article/what-am-i-supposed-do, , ,175,Travel and Expense, , , , , , , , ,
100,Using Automation to End Invoice and Spending Frustration,blog,Capturing these spending decisions â the moments that can turn your company by degrees or turn it on its head â is critical.,https://www.concur.com/sites/g/files/sqenrx226/files/styles/square/public/2022-07/iStock-1320446756.jpg?h=078f095b&itok=-dT4t8Pn, ,https://www.concur.com/blog/article/using-automation-end-invoice-and-spending-frustration, , ,176,Travel and Expense, , , , , , , , ,
101,Level Up Spend Management to Provide Transparency and Accountability,blog,"Organizations that deploy an integrated spend management platform like SAP Concur solutions, manage their travel, expenses, and invoices in one simple platform, and see measurable savings and gains in",https://www.concur.com/sites/g/files/sqenrx226/files/styles/square/public/2022-07/285294_iStock-808157682%20%281%29.jpg?h=5ed957c0&itok=LwHPC18N, ,https://www.concur.com/blog/article/level-spend-management-provide-transparency-and-accountability, , ,177,Travel and Expense, , , , , , , , ,
102,Small Steps: The Key to Accounts Payable Automation,blog,"Your organizationâs accounts payable (AP) department, while operating in the background to most, has an impact on many parts of your companyâs operations. Itâs responsible for reviewing invoices, issu",https://www.concur.com/sites/g/files/sqenrx226/files/styles/square/public/2022-07/292641_GettyImages-532120626_large_jpg.jpg?h=99ebeaf7&itok=aFYMwTlI, ,https://www.concur.com/blog/article/small-steps-key-accounts-payable-automation, , ,178,Travel and Expense, , , , , , , , ,
103,Transform your Financial Data into Actionable Insights,blog,"Integrating your spend data does not mean you have to settle for a sup-par tool to track travel, expenses, and accounts payable invoices â you can get the best of both worlds.",https://www.concur.com/sites/g/files/sqenrx226/files/styles/square/public/2022-07/277209_277209_l_srgb_s_gl.jpg?h=600d9e3a&itok=XQm--iep, ,https://www.concur.com/blog/article/transform-your-financial-data-actionable-insights, , ,179,Travel and Expense, , , , , , , , ,
104,Four Ways to Simplify Invoice Management for the Hybrid Work World,blog,We are living in the midst of a work revolution What was once a gradual shift toward hybrid work hit seismic proportions over the past two years Working faster and smarter are no...,https://www.concur.com/sites/g/files/sqenrx226/files/styles/square/public/blog/1645132311946-businesswoman-working-on-laptop-at-a-cafe-picture-id1181893134.jpg?h=f33b8419&itok=6tseuXUu, ,https://www.concur.com/blog/article/four-ways-simplify-invoice-management-hybrid-work-world, , ,180,Travel and Expense, , , , , , , , ,
105,Is This Outdated Process Costing Your Business?,blog,You might be surprised to find out how much automating workflows includingÂ invoice management can save your businessboth in terms of your operating dollars and your sanity Because...,https://www.concur.com/sites/g/files/sqenrx226/files/styles/square/public/blog/1570472611117-shutterstock-1486526204.jpg?h=4432eccb&itok=nFMjB6vX, ,https://www.concur.com/blog/article/outdated-process-costing-your-business, , ,181,Travel and Expense, , , , , , , , ,
106,"Concur Solutions Overview: Concur Travel, Expense, and Invoice",blog,SAP Concur solutions connect the primary pieces of business travel and spend so you can focus on what matters most to your business Concur Travel Concur Expense and Concur Invoice work...,https://www.concur.com/sites/g/files/sqenrx226/files/styles/square/public/2022-07/282854_offset_571017_2600.jpg?h=dfaa3a43&itok=5BMOxtvO, ,https://www.concur.com/blog/article/concur-solutions-overview-concur-travel-expense-and-invoice, , ,182,Travel and Expense, , , , , , , , ,
107,Concur Invoice Demo: Discover How to Automate Invoices,blog,Vendor invoices are a critical part of your business and theyre a strong indicator of financial health and cash flow Thats why its necessary to have an invoice management solution that...,https://www.concur.com/sites/g/files/sqenrx226/files/styles/square/public/blog/1550261020280-invoice-demo-blog.jpg?h=4432eccb&itok=4EJeoFWX, ,https://www.concur.com/blog/article/concur-invoice-demo-discover-how-automate-invoices, , ,183,Travel and Expense, , , , , , , , ,
108,Best Practices from Bright Minds: â¨How to Leverage the Power of the SAP Concur Customer Community,blog,We all know two heads can be better than one But what about  Whether you want to take your travel expense and invoice TEI management knowledge to the next level introduce new best...,https://www.concur.com/sites/g/files/sqenrx226/files/styles/square/public/blog/1632361995304-best%20practices%20from%20bright%20minds.png?h=bd45d64e&itok=2uiRyahC, ,https://www.concur.com/blog/article/best-practices-bright-minds-how-leverage-power-sap-concur-customer-community, , ,184,Travel and Expense, , , , , , , , ,
109,We Make Learning Easy: How the SAP Concur Customer Community Keeps You in the Know,blog,Like many business functions travel expense and invoice TEI management continues to evolve From technology improvements to regulatory updates to worldwide events the amount of...,https://www.concur.com/sites/g/files/sqenrx226/files/styles/square/public/blog/1632771542517-untitled-1.png?h=bd45d64e&itok=p_uEQLSJ, ,https://www.concur.com/blog/article/we-make-learning-easy-how-sap-concur-customer-community-keeps-you-know, , ,185,Travel and Expense, , , , , , , , ,
110,Thereâs No Spend to Waste: Why Itâs Time to Fully Digitize Your Spend Management,blog,"Your future business resilience and agility relies on your actions today. Take the first step toward digitizing your expense, travel, and invoice management.",https://www.concur.com/sites/g/files/sqenrx226/files/styles/square/public/blog/1629821285478-young-afro-woman-listening-music-picture-id1190895689.jpg?h=f33b8419&itok=Seh-EaKT, ,https://www.concur.com/blog/article/theres-no-spend-waste-why-its-time-fully-digitize-your-spend-management, , ,186,Travel and Expense, , , , , , , , ,
111,You Have an ERP System. Do You Really Need AP Automation?,blog,You might be using an ERP to manage your various financial processes today but is it giving you everything you want or needparticularly when it comes to managing vendor invoices...,https://www.concur.com/sites/g/files/sqenrx226/files/styles/square/public/blog/1628699272309-woman-using-laptop-while-sitting-at-home-picture-id1212597557.jpg?h=f33b8419&itok=V6-y_QLg, ,https://www.concur.com/blog/article/you-have-erp-system-do-you-really-need-ap-automation, , ,187,Travel and Expense, , , , , , , , ,
112,Comdata Announces Integrated Virtual Card Solution for Businesses Using Concur Invoice,blog,Comdata has unveiled a native integration with Concur Invoice offering businesses a streamlined  and paperless  way to receive invoices from suppliers and execute secure electronic...,https://www.concur.com/sites/g/files/sqenrx226/files/styles/square/public/blog/1623368628374-young-woman-using-laptop-comfortably-at-home-picture-id1213526427.jpg?h=f33b8419&itok=o1lcpHiv, ,https://www.concur.com/blog/article/comdata-announces-integrated-virtual-card-solution-businesses-using-concur-invoice, , ,188,Control Company Costs, , , , , , , , ,
113,Brex and SAP Concur Partnership Expands Through Brex Rewards Center,blog,We continue to build on our financial servicesbanking partner relationships allowing greater flexibility and choice for customers using Concur Expense and Concur Invoice Recently...,https://www.concur.com/sites/g/files/sqenrx226/files/styles/square/public/blog/1616539188499-brex.png?h=bd45d64e&itok=A7Y6eCjd, ,https://www.concur.com/blog/article/brex-and-sap-concur-partnership-expands-through-brex-rewards-center, , ,189,Control Company Costs, , , , , , , , ,
114,Do You Have a Supplier Invoice Policy in Place?,blog,A supplier invoice policy is one of those documents that every business should have.,https://www.concur.com/sites/g/files/sqenrx226/files/styles/square/public/blog/1556301989581-shutterstock-1221904882.jpg?h=d9d6dd6d&itok=oGJPbMAY, ,https://www.concur.com/blog/article/do-you-have-supplier-invoice-policy-place, , ,190,Control Company Costs, , , , , , , , ,
115,What is Invoice Automation?,blog,AP automationÂ is the use of software to digitize the vendor invoicing process and create faster leaner more costeffective AP workflows No more paper receipts No forwarding invoices in...,https://www.concur.com/sites/g/files/sqenrx226/files/styles/square/public/blog/1564677272915-shutterstock-352309853.jpg?h=4432eccb&itok=xBfsW8fu, ,https://www.concur.com/blog/article/what-invoice-automation, , ,191,Control Company Costs, , , , , , , , ,
116,Does Your Spend Management Solution Feel Like Itâs Solving Anything?,blog,You keep a sharp eye on spending but every now and then youre bound to blink Think about it If youre missing any amount of expenses or anything on your invoices youre not in full...,https://www.concur.com/sites/g/files/sqenrx226/files/styles/square/public/blog/1607021458280-young-beautiful-asian-woman-using-smartphone-and-credit-card-for-at-picture-id1064255822.jpg?h=f33b8419&itok=7917-54a, ,https://www.concur.com/blog/article/does-your-spend-management-solution-feel-its-solving-anything, , ,192,Control Company Costs, , , , , , , , ,
117,How Higher Ed is Managing Invoices and Expenses in the New Normal,blog,You remember those multiplechoice quizzes where A and C were both technically correct but one of them was more correct than the other This is like that but picking the best answer...,https://www.concur.com/sites/g/files/sqenrx226/files/styles/square/public/blog/1606178915329-higher%20ed%20manual%20ap.png?h=bd45d64e&itok=EKll21QC, ,https://www.concur.com/blog/article/how-higher-ed-managing-invoices-and-expenses-new-normal, , ,193,Control Company Costs, , , , , , , , ,
118,How State and Local Governments Can Manage Invoices and Expenses in the New Normal,blog,Working in the finance department of a state or local government has always meant working under pressure But now when many if not most of your coworkers are working from home those...,https://www.concur.com/sites/g/files/sqenrx226/files/styles/square/public/blog/1605741408867-government%20work%20from%20home.png?h=bd45d64e&itok=pG3-u-eY, ,https://www.concur.com/blog/article/how-state-and-local-governments-can-manage-invoices-and-expenses-new-normal, , ,194,Control Company Costs, , , , , , , , ,
119,The Importance of Managing State and Local Government Invoices and Expenses During COVID,blog,Youre following all the rules Youre social distancing youre requiring masks on in all your offices youre keeping staff and visitors as separate and safe as possible Its what COVID...,https://www.concur.com/sites/g/files/sqenrx226/files/styles/square/public/blog/1605650076596-277042_277042_h_ergb_s_gl.jpg?h=f33b8419&itok=NTYaJFaz, ,https://www.concur.com/blog/article/importance-managing-state-and-local-government-invoices-and-expenses-during-covid, , ,195,Control Company Costs, , , , , , , , ,
120,AvidXchange AvidPay Now Integrated with Concur Invoice,blog,We are excited to announce the launch of AvidPay from AvidXchange an accounts payable AP automation integration with Concur Invoice This cloudbased integration allows Concur Invoice...,https://www.concur.com/sites/g/files/sqenrx226/files/styles/square/public/blog/1604968887357-business-background-of-businessman-having-handshake-picture-id1194196891.jpg?h=108f6e04&itok=psxpJCw7, ,https://www.concur.com/blog/article/avidxchange-avidpay-now-integrated-concur-invoice, , ,196,Control Company Costs, , , , , , , , ,
121,"In the Public Sector, Even Minor Spend Management Mistakes Can Have Major Consequences",blog,Public sector institutions bear a unique responsibility around travel expense and invoice management For those in state and local government as well as in higher education theres no...,https://www.concur.com/sites/g/files/sqenrx226/files/styles/square/public/blog/1562708653785-shutterstock-189611822.jpg?h=4432eccb&itok=1x8RMVh3, ,https://www.concur.com/blog/article/public-sector-even-minor-spend-management-mistakes-can-have-major-consequences, , ,197,Control Company Costs, , , , , , , , ,
122,The Value of Automating Your AP Process,blog,When was the last time you calculated just how much your company spends on vendor invoice processing If you were to take into consideration time spent on invoice reconciliation and...,https://www.concur.com/sites/g/files/sqenrx226/files/styles/square/public/blog/1551366958579-value-automating-ap-blog.jpg?h=4432eccb&itok=TW3JtmN2, ,https://www.concur.com/blog/article/value-automating-your-ap-process, , ,198,Control Company Costs, , , , , , , , ,
123,5 Benefits of Automating Government Invoice Payments,blog,When an organization operates on taxpayer funds you know how important it is do more with less While making the most of what your agency currently has may appear fiscally responsible...,https://www.concur.com/sites/g/files/sqenrx226/files/styles/square/public/blog/1594698556684-shutterstock_1064548946.jpg?h=eaceef9b&itok=ifGXZJ0_, ,https://www.concur.com/blog/article/5-benefits-automating-government-invoice-payments, , ,199,Control Company Costs, , , , , , , , ,
124,New Integrations with SAP Concur Solutions and American Express Benefit Small Businesses,blog,Two new integrations with SAP Concur solutions and American Express have recently been introduced to help automate invoice and expense processes The integrations give small businesses...,https://www.concur.com/sites/g/files/sqenrx226/files/styles/square/public/blog/1594225246996-285325_istock-901863900.jpg?h=2d3af336&itok=DBnfu-FP, ,https://www.concur.com/blog/article/new-integrations-sap-concur-solutions-and-american-express-benefit-small-businesses, , ,200,Control Company Costs, , , , , , , , ,
125,Improve Visibility and Cashflow with Intelligently Automated AP Management,blog,No matter the economic climate invoice management is a key business function But given the current uncertainty about what lies ahead it is critical that you continue to buy the...,https://www.concur.com/sites/g/files/sqenrx226/files/styles/square/public/blog/1592765256545-shutterstock_1701657403.jpg?h=eaceef9b&itok=iM9XG0UV, ,https://www.concur.com/blog/article/improve-visibility-and-cashflow-intelligently-automated-ap-management, , ,201,Control Company Costs, , , , , , , , ,
126,How State and Local Agencies Can Eliminate Manual Processes and Approve Invoices from Anywhere,blog,Reducing costs and gaining control of spend has never mattered more And automating your accounts payable process can help reduce manual work stabilize operations and provide visibility...,https://www.concur.com/sites/g/files/sqenrx226/files/styles/square/public/2023-08/298431_GettyImages-482146439_small_jpg_0.jpg?h=36d6f559&itok=vTtasy4s, ,https://www.concur.com/blog/article/how-state-and-local-agencies-can-eliminate-manual-processes-and-approve-invoices, , ,202,Control Company Costs, , , , , , , , ,
127,Eliminate Paper and Simplify the Invoice Payment Process for Higher Education,blog,Reducing costs and gaining control of spend has never mattered more for colleges and universities And automating your accounts payable process can help reduce manual work stabilize...,https://www.concur.com, ,https://www.concur.com/blog/article/eliminate-paper-and-simplify-invoice-payment-process-higher-education, , ,203,Control Company Costs, , , , , , , , ,
128,"Eliminate Paper and Automate Invoice Payments for Aerospace, Defense, and Government Contracting",blog,Reducing costs and gaining control of spend has never mattered more And automating your accounts payable process can help reduce manual work stabilize operations and provide visibility...,https://www.concur.com/sites/g/files/sqenrx226/files/styles/square/public/2023-08/298431_GettyImages-482146439_small_jpg.jpg?h=d3e363c4&itok=AIy7enQ7, ,https://www.concur.com/blog/article/eliminate-paper-and-automate-invoice-payments-aerospace-defense-and-government, , ,204,Control Company Costs, , , , , , , , ,
129,How Automating AP Can Help Government Manage Invoices From Anywhere,blog,Youd think that ensuring healthy cash flow would be enough for government finance teams to worry about But the truth is cash flow is just the tip of the iceberg when it comes to AP...,https://www.concur.com/sites/g/files/sqenrx226/files/styles/square/public/blog/1590196814342-shutterstock_1593495853.jpg?h=900e78eb&itok=iIAMBhqv, ,https://www.concur.com/blog/article/how-automating-ap-can-help-government-manage-invoices-anywhere, , ,205,Control Company Costs, , , , , , , , ,
130,Six Ways to Ensure Your Invoice Process Works for You,blog,"With new opportunities to review financial processes, shifting how you do things to look at what works â and what doesnât",https://www.concur.com/sites/g/files/sqenrx226/files/styles/square/public/blog/1589831517288-shutterstock_1406704145.jpg?h=bd45d64e&itok=Yd0BKErS, ,https://www.concur.com/blog/article/six-ways-ensure-your-invoice-process-works-you, , ,206,Control Company Costs, , , , , , , , ,
131,"Whatâs Holding Your Business Back from Automating Travel, Expense, and Invoice Management?",blog,Manual and spreadsheetdriven processes are costly and inefficient at any scale not just for big businesses In fact given the resource constraints of smalltomidsize businesses SMBs its...,https://www.concur.com/sites/g/files/sqenrx226/files/styles/square/public/blog/1574099777959-shutterstock-762425617.jpg?h=4432eccb&itok=ThLTkBDQ, ,https://www.concur.com/blog/article/whats-holding-your-business-back-automating-travel-expense-and-invoice-management, , ,207,Control Company Costs, , , , , , , , ,
132,How Much Can a Small-to-Midsize Businesses Really Benefit from Invoice Management Automation?,blog,How many suppliers does your accounts payable AP department pay Have you checked recently how many checks your AP department has written in the past year Have you ever totaled up how...,https://www.concur.com/sites/g/files/sqenrx226/files/styles/square/public/blog/1573667605603-shutterstock-539724193.jpg?h=4432eccb&itok=YNsUTtgn, ,https://www.concur.com/blog/article/how-much-can-small-midsize-businesses-really-benefit-invoice-management-automation, , ,208,Control Company Costs, , , , , , , , ,
133,How Budget by SAP Concur Works,blog,Budget by SAP Concur brings together travel expense invoice and budget data into a single solution  providing clear visibility into spend that allows you to make better timelier...,https://www.concur.com, ,https://www.concur.com/blog/article/how-budget-sap-concur-works, , ,209,Control Company Costs, , , , , , , , ,
134,Automate Your Invoice Processing and Gain Transparency into School Spending,blog,Do you truly know where your schools spending is going Many schools experience errors within their invoice processing system leaving their total spend in the dark To mitigate these...,https://www.concur.com/sites/g/files/sqenrx226/files/styles/square/public/blog/1567708705969-shutterstock-299633474.jpg?h=4432eccb&itok=ChbAiQ3g, ,https://www.concur.com/blog/article/automate-your-invoice-processing-and-gain-transparency-school-spending, , ,210,Control Company Costs, , , , , , , , ,
135,Do Governments Have a More Holistic View of Your Spending Than You Do?,blog,If you cant easily bring travel expense and invoice spending data together from across categories for a single nearrealtime view without cobbling together reports from different...,https://www.concur.com/sites/g/files/sqenrx226/files/styles/square/public/blog/1567095551595-shutterstock-1071019982-1.jpg?h=4432eccb&itok=r96tT01H, ,https://www.concur.com/blog/article/do-governments-have-more-holistic-view-your-spending-you-do, , ,211,Control Company Costs, , , , , , , , ,
136,Automate Invoice Processing and Watch Your Bottom Line and Business Grow,blog,Cloud technologies are bringing worldclass software solutions to small and midsize companies around the world  and they are paving the way for greater efficiency visibility and...,https://www.concur.com/sites/g/files/sqenrx226/files/styles/square/public/blog/1564695865419-shutterstock-702445756.jpg?h=4432eccb&itok=6DBocsaO, ,https://www.concur.com/blog/article/automate-invoice-processing-and-watch-your-bottom-line-and-business-grow, , ,212,Business Continuity, , , , , , , , ,
137,What is Automation Without Integration? Connect SAP Concur to Your Finance Systems,blog,Kirk Hayes is Director of EMEA Platform and Product Partnerships for SAP Concur Weve spoken at length about the undeniable benefits that automating your expenses travel and invoices...,https://www.concur.com/sites/g/files/sqenrx226/files/styles/square/public/blog/1559843521486-shutterstock-509087437.png?h=4432eccb&itok=xmD605-p, ,https://www.concur.com/blog/article/what-automation-without-integration-connect-sap-concur-your-finance-systems, , ,213,Business Continuity, , , , , , , , ,
138,"SAP Concur Taps Jim Lucier, Chief Revenue Officer for North America and Chief Services Officer, to Lead Business Through Next Stage of Growth",blog,BELLEVUE Wash April   Â SAP Concur the worlds leading provider of integrated travel expense and invoice management solutions today announced the appointment of Jim Lucier as president...,https://www.concur.com/sites/g/files/sqenrx226/files/styles/square/public/blog/1556550366178-blog-pictogram.jpg?h=4432eccb&itok=nPL6uynb, ,https://www.concur.com/blog/article/sap-concur-taps-jim-lucier-chief-revenue-officer-north-america-and-chief-services, , ,214,Business Continuity, , , , , , , , ,
139,SAP Concur Launches New Development Center in Shanghai,blog,Shanghai China  April    SAP Concur the worlds leading provider of expense travelÂ and invoice management solutions today announced an SAP Concur China Development Center in Shanghai...,https://www.concur.com/sites/g/files/sqenrx226/files/styles/square/public/blog/1555450598705-shanghai-skyline.jpg?h=4432eccb&itok=AQOPZwLt, ,https://www.concur.com/blog/article/sap-concur-launches-new-development-center-shanghai, , ,215,Business Continuity, , , , , , , , ,
140,User Interface Enhancements Coming to Concur Invoice April 13,blog,After an extensive early adopter program with more than  clients SAP Concur pushed a few user experience enhancements live in Concur Invoice on April   April release Additionally to...,https://www.concur.com/sites/g/files/sqenrx226/files/styles/square/public/blog/1551896415586-ui-blog-post.jpg?h=4432eccb&itok=vfEeIGiB, ,https://www.concur.com/blog/article/user-interface-enhancements-coming-concur-invoice-april-13, , ,216,Business Continuity, , , , , , , , ,
141,We're Joining the Intelligent Spend Management Conversation at SAP Ariba Live!,blog,If you are reading this its a safe bet you know how important it is to manage the employee spending generated by travel expenses and invoices But in speaking to customers at our recent...,https://www.concur.com/sites/g/files/sqenrx226/files/styles/square/public/blog/1553880852230-ariba-live-blog.jpg?h=605f7687&itok=Vh6C9xQz, ,https://www.concur.com/blog/article/were-joining-intelligent-spend-management-conversation-sap-ariba-live, , ,217,Business Continuity, , , , , , , , ,
142,"Here's How to Simplify Expense, Travel, and Invoice Management",blog,If your company is facing issues with expense travel and invoice management youre not alone A commissioned study conducted by Forrester ConsultingÂ on behalf of SAP Concur found that ...,https://www.concur.com/sites/g/files/sqenrx226/files/styles/square/public/blog/1549645391885-simplify-tei-management-blog.jpg?h=4432eccb&itok=ABFgyvpK, ,https://www.concur.com/blog/article/heres-how-simplify-expense-travel-and-invoice-management, , ,218,Business Continuity, , , , , , , , ,
143,"10 Trends That Will Shape Business Travel and Spend Management in 2019, and Beyond",blog,With  years of travel expense and invoice software innovation under our belts weve had a front row seat to decades of industry trends and technology advancements Looking ahead the pace...,https://www.concur.com/sites/g/files/sqenrx226/files/styles/square/public/blog/1545076024793-2019-predictions-blog.jpg?h=4432eccb&itok=OWKN9-NJ, ,https://www.concur.com/blog/article/10-trends-will-shape-business-travel-and-spend-management-2019-and-beyond, , ,219,Business Continuity, , , , , , , , ,
144,How to Free Up Time So You Can Focus on the Important Things,blog,How much of your day do you spend doing financial admin Entering data chasing invoices remedying incorrect expenses tracking down missing paperwork and all the other things you need to...,https://www.concur.com/sites/g/files/sqenrx226/files/styles/square/public/blog/1535581219808-free-up-time-crop.jpg?h=605f7687&itok=ffEbjjZ-, ,https://www.concur.com/blog/article/how-free-time-so-you-can-focus-important-things, , ,220,Business Continuity, , , , , , , , ,
145,Business on the Go: Making Mobile Expenses and Invoices a Reality,blog,Have you ever arrived at a meeting  minutes early and wanted to use that valuable time to do some muchneeded admin You could be paying supplier invoices submitting or approving...,https://www.concur.com/sites/g/files/sqenrx226/files/styles/square/public/blog/1534797130754-smbs-go-mobile-crop.jpg?h=605f7687&itok=xb8I37m1, ,https://www.concur.com/blog/article/business-go-making-mobile-expenses-and-invoices-reality, , ,221,Business Continuity, , , , , , , , ,
146,Is Your AP Process Fully Automated? Consider These 4 Telling Scenarios,blog,What seems like automation often isnt Accounts payableÂ leaders may feel like their vendor invoice solution is automated but in reality its frequently full of faxes scanned images and...,https://www.concur.com/sites/g/files/sqenrx226/files/styles/square/public/blog/1537979331944-fully-automated-crop.jpg?h=605f7687&itok=Tz1A8Njj, ,https://www.concur.com/blog/article/your-ap-process-fully-automated-consider-these-4-telling-scenarios, , ,222,Business Continuity, , , , , , , , ,
147,"Whatâs Blocking the Shift to Automated AP Invoice Processes in the Financial Services, Insurance, and Real Estate Industries?",blog,Accounts payable problems can seem like they dont amount to a hill of beans especially as company leadership grapples with industry challenges In banking and financial services those...,https://www.concur.com/sites/g/files/sqenrx226/files/styles/square/public/blog/1534455997282-fire-blog-crop.jpg?h=605f7687&itok=rhaNCIYR, ,https://www.concur.com/blog/article/whats-blocking-shift-automated-ap-invoice-processes-financial-services-insurance-and, , ,223,Business Continuity, , , , , , , , ,
148,Use this Data to Make Your Business Case for Invoice Automation,blog,Accounts payable is more important to the business than ever before Besides processing invoices and entering massive amounts of financial data there is so much more value todays...,https://www.concur.com/sites/g/files/sqenrx226/files/styles/square/public/blog/1534528246899-insightful-ap-crop.jpg?h=605f7687&itok=2hV7FkFA, ,https://www.concur.com/blog/article/use-data-make-your-business-case-invoice-automation, , ,224,Business Continuity, , , , , , , , ,
149,Uncovering the Hidden Costs and Business Opportunities in Invoice Processing,blog,When was the last time you took a close look at your current accounts payable process Cutting costs and boosting profits are a priority for most businesses but many do not realize the...,https://www.concur.com/sites/g/files/sqenrx226/files/styles/square/public/blog/1534364994306-small-biz-growth-mistakes-crop.jpg?h=c228179e&itok=VXbrOGb1, ,https://www.concur.com/blog/article/uncovering-hidden-costs-and-business-opportunities-invoice-processing, , ,225,Business Continuity, , , , , , , , ,
150,Cure âI Canâ Syndrome and Spark Business Growth by Automating your AP Invoice Processes,blog,I can syndrome may not be recognized by the medical community but its a condition that affects millions of smallbusiness owners and other company leaders each year When managing a...,https://www.concur.com/sites/g/files/sqenrx226/files/styles/square/public/blog/1533588451061-i-can-syndrome-crop.jpg?h=605f7687&itok=R-Jn0McQ, ,https://www.concur.com/blog/article/cure-i-can-syndrome-and-spark-business-growth-automating-your-ap-invoice-processes, , ,226,Business Continuity, , , , , , , , ,
151,"Hereâs How IT Can Reduce the Costs of Expense, Travel, and Invoice Management",blog,IT teams at many companies are under intense pressure from all sides Every day company leadership has expectations of cost savings and greater efficiency Users demand the same digital...,https://www.concur.com/sites/g/files/sqenrx226/files/styles/square/public/blog/1532553392715-itdm-save-money-crop.jpg?h=605f7687&itok=yIwA-htN, ,https://www.concur.com/blog/article/heres-how-it-can-reduce-costs-expense-travel-and-invoice-management, , ,227,Business Continuity, , , , , , , , ,
152,How Much Money is Your Business Throwing Away in Duplicate Invoice Payments?,blog,If your small or midsize businessÂ is like most you could be throwing away as much as  a month  money that could be spent on staffing resources innovation or any number of impactful...,https://www.concur.com/sites/g/files/sqenrx226/files/styles/square/public/blog/1532620905796-duplicate-invoice-blog-ljeexx-crop.jpg?h=605f7687&itok=KVIRj5Ke, ,https://www.concur.com/blog/article/how-much-money-your-business-throwing-away-duplicate-invoice-payments, , ,228,Business Continuity, , , , , , , , ,
153,5 Ways it Pays to Pay Your Vendors on Time,blog,As youd expect from the company that provides Concur Invoice weve compiled compelling data on the high costs of paperbased invoicing On average it costs  to process a paper invoice...,https://www.concur.com/sites/g/files/sqenrx226/files/styles/square/public/blog/1531339776294-5-invoice-benefits-crop.jpg?h=69449bd7&itok=rxba5eEc, ,https://www.concur.com/blog/article/5-ways-it-pays-pay-your-vendors-time, , ,229,Business Continuity, , , , , , , , ,
154,These Top Trends are Driving the Need for Better Spend Management,blog,As the expense travel and invoice management landscape changes small and midsize businesses SMBs are put in the position of having to keep up with the times or fall behind Businesses...,https://www.concur.com/sites/g/files/sqenrx226/files/styles/square/public/blog/1531245662918-three-smb-trends-crop.jpg?h=4f362aac&itok=NCVGUyKO, ,https://www.concur.com/blog/article/these-top-trends-are-driving-need-better-spend-management, , ,230,Business Continuity, , , , , , , , ,
155,Are You the Companyâs Invoice Guru? Here's How to Improve Your Processes,blog,The reality for many small and midsize businesses is that their AP bestpractices reside on the shoulders of the often lone employee who is the AP department If that resourceful...,https://www.concur.com/sites/g/files/sqenrx226/files/styles/square/public/blog/1529675418999-invoice-guru-crop.jpg?h=605f7687&itok=5obGuXPz, ,https://www.concur.com/blog/article/are-you-companys-invoice-guru-heres-how-improve-your-processes, , ,231,Business Continuity, , , , , , , , ,
156,"The Power of Machine Learning to Travel, Expense, and Invoice Solutions",blog,Machine learning ML holds such promise for improving job satisfaction and reducing errors and costs for corporations At SAP Concur we use ML to make everything from travel booking to...,https://www.concur.com/sites/g/files/sqenrx226/files/styles/square/public/blog/1528738911662-machine-learning-blog.jpg?h=605f7687&itok=x75X4bZP, ,https://www.concur.com/blog/article/power-machine-learning-travel-expense-and-invoice-solutions, , ,232,Business Continuity, , , , , , , , ,
157,"Why Some Financial Decision Makers are Skeptical of Automation, and Why They Shouldnât Be",blog,When business is running smoothly the choice to automate your expense travel and invoice management isnt always black and white Companies that have a manual process in place may find...,https://www.concur.com/sites/g/files/sqenrx226/files/styles/square/public/blog/1527698402054-fdm-skeptical-crop.jpg?h=605f7687&itok=ZPWA9wyy, ,https://www.concur.com/blog/article/why-some-financial-decision-makers-are-skeptical-automation-and-why-they-shouldnt-be, , ,233,Business Continuity, , , , , , , , ,
158,How Are Forward-Thinking CFOs Using Modern AP Automation to Drive Efficiencies and Cost Savings?,blog,From the expectations of investors and CEOs to the challenge of managing diverse workforces who submit invoices expenses and purchase requests through inefficient and disparate systems...,https://www.concur.com/sites/g/files/sqenrx226/files/styles/square/public/blog/1526578481546-forward-thinking-cfo-crop.jpg?h=605f7687&itok=okJbcX4m, ,https://www.concur.com/blog/article/how-are-forward-thinking-cfos-using-modern-ap-automation-drive-efficiencies-and-cost, , ,234,Business Continuity, , , , , , , , ,
159,Whatâs the Business Value of Concur Invoice?,blog,Todays world of business demands modern solutions In fact you risk being left behind if you dont modernize your invoicingÂ Automating AP not only helps you better engage with employees...,https://www.concur.com/sites/g/files/sqenrx226/files/styles/square/public/blog/1526402472206-business-value-concur-invoice-crop.jpg?h=733890b7&itok=sbv3elfi, ,https://www.concur.com/blog/article/whats-business-value-concur-invoice, , ,235,Business Continuity, , , , , , , , ,
160,"Expense, Travel, and Invoice Management: Three Processes, One Solution",blog,On any given day you can almost guarantee that one of your employees is booking a business trip submitting an expense claim or raising a purchase order Thats a lot of spending out of...,https://www.concur.com/sites/g/files/sqenrx226/files/styles/square/public/blog/1525731553536-three-processes-crop.jpg?h=605f7687&itok=QC9VsL7c, ,https://www.concur.com/blog/article/expense-travel-and-invoice-management-three-processes-one-solution, , ,236,Business Continuity, , , , , , , , ,
161,Mairs & Power: Utilizing Automation to Streamline AP Processes Through Concur Invoice,blog,Financial analysts are most effective when not weighed down by mundane administrative tasks When searching for a way to free up their finance team to spend more time on strategic...,https://www.concur.com/sites/g/files/sqenrx226/files/styles/square/public/blog/1525104970247-nsbw-banner-2.png?h=605f7687&itok=udNXASzD, ,https://www.concur.com/blog/article/mairs-power-utilizing-automation-streamline-ap-processes-through-concur-invoice, , ,237,Business Continuity, , , , , , , , ,
162,Five Very Good Reasons to Automate Your Accounts Payable Management,blog,Among the most important processes a company deals with on a daytoday basis managing invoices is very close to the top of the list Given how critical invoice management is to fiscal...,https://www.concur.com/sites/g/files/sqenrx226/files/styles/square/public/blog/1524510634732-idc-automate-ap-crop.jpg?h=605f7687&itok=73HRWkzj, ,https://www.concur.com/blog/article/five-very-good-reasons-automate-your-accounts-payable-management, , ,238,Business Continuity, , , , , , , , ,
163,"Find the Story in Your Expense, Travel, and Invoice Data",blog,Employee expenses planned travel supplier invoices  there are a lot of areas of spend for a business to track and manage If youre in finance it can be tricky to tie all these areas...,https://www.concur.com/sites/g/files/sqenrx226/files/styles/square/public/blog/1522945310719-data-visibility.jpg?h=605f7687&itok=m7sj1DyH, ,https://www.concur.com/blog/article/find-story-your-expense-travel-and-invoice-data, , ,239,Business Continuity, , , , , , , , ,
164,"8 Reasons Why You Need to Connect Expense, Travel, and Invoice Spend",blog,If youve considered automating your expense travel and invoice management processes youre on the right track to improving your bottom line One major benefit to automating with...,https://www.concur.com/sites/g/files/sqenrx226/files/styles/square/public/blog/1520286141210-t-e-disconnected.jpg?h=605f7687&itok=GAXZLQPE, ,https://www.concur.com/blog/article/8-reasons-why-you-need-connect-expense-travel-and-invoice-spend, , ,240,Business Continuity, , , , , , , , ,
165,5 Easy Ways to Streamline Your Higher Ed Invoice Process,blog,For decades higher education institutions have been utilizing an its good enough operating model But that model is no longer sustainable Todays educational institutions are...,https://www.concur.com/sites/g/files/sqenrx226/files/styles/square/public/blog/1519935368093-higher-ed.jpg?h=605f7687&itok=IY60jUdS, ,https://www.concur.com/blog/article/5-easy-ways-streamline-your-higher-ed-invoice-process, , ,241,Business Continuity, , , , , , , , ,
166,Three Reasons Why You Should be Automating Your Invoice Process,blog,Is your finance team still sifting through stacks of paperwork even after youve automated your employee expense management A closer look will show you those are vendor invoices in...,https://www.concur.com/sites/g/files/sqenrx226/files/styles/square/public/blog/1518559412139-three-reasons-automate.jpg?h=605f7687&itok=uinQ2xGO, ,https://www.concur.com/blog/article/three-reasons-why-you-should-be-automating-your-invoice-process, , ,242,Business Continuity, , , , , , , , ,
167,"SAP Concur's Business Travel, Expense and Invoice Predictions for 2018 and Beyond",blog,The business travel expense and invoice landscape is experiencing a rapid evolution fueled by emerging technologies shifting employee expectations and globalization SAP Concur experts...,https://www.concur.com/sites/g/files/sqenrx226/files/styles/square/public/blog/1513722089262-waiting-in-airport.jpg?h=b929a861&itok=PnbZWJIj, ,https://www.concur.com/blog/article/sap-concurs-business-travel-expense-and-invoice-predictions-2018-and-beyond, , ,243,Employee Experience, , , , , , , , ,
168,The three âCâs of expense and invoice policy compliance,blog,How wonderful would it be if you only had to tell someone something once Unfortunately real life doesnt always work that way and this is especially true when it comes to your company...,https://www.concur.com/sites/g/files/sqenrx226/files/styles/square/public/blog/1508260953376-cs-of-compliance.jpg?h=2ed370b7&itok=OmV8k4Fp, ,https://www.concur.com/blog/article/three-cs-expense-and-invoice-policy-compliance, , ,244,Employee Experience, , , , , , , , ,
169,Moving away from the invoice black hole,blog,If youre still manually processing invoices your system likely involves a lot of paper handling a convoluted workflow and a storage system that is not accessible or disaster proof In...,https://www.concur.com/sites/g/files/sqenrx226/files/styles/square/public/blog/1505249753960-black-hole.jpg?h=3585d8e4&itok=f6zWuwVj, ,https://www.concur.com/blog/article/moving-away-invoice-black-hole, , ,245,Employee Experience, , , , , , , , ,
170,It's time to get your invoice process out of the '80s,blog,Are you feeling like you need a FluxCapacitorequipped DeLorean to get your business operations streamlined with modern solutions Outdated invoice systems are causing businesses to...,https://www.concur.com/sites/g/files/sqenrx226/files/styles/square/public/blog/1504218341222-get-out-of-the-80s.jpg?h=b93c3a04&itok=Wkbu5dTP, ,https://www.concur.com/blog/article/its-time-get-your-invoice-process-out-80s, , ,246,Employee Experience, , , , , , , , ,
